{
  "project_info": {
    "project_number": "30252520099",
    "firebase_url": "https://inclass10-24c26.firebaseio.com",
    "project_id": "inclass10-24c26",
    "storage_bucket": "inclass10-24c26.appspot.com"
  },
  "client": [
    {
      "client_info": {
        "mobilesdk_app_id": "1:30252520099:android:04327d0bc80c0969c5e516",
        "android_client_info": {
          "package_name": "com.example.homework04"
        }
      },
      "oauth_client": [
        {
          "client_id": "30252520099-bvcbsr7gl8ijtpl4kehlvcrfd1p95fma.apps.googleusercontent.com",
          "client_type": 3
        }
      ],
      "api_key": [
        {
          "current_key": "AIzaSyBl_x756csuNjoz2WmWGzD9kFxqf5-_lWk"
        }
      ],
      "services": {
        "appinvite_service": {
          "other_platform_oauth_client": [
            {
              "client_id": "30252520099-bvcbsr7gl8ijtpl4kehlvcrfd1p95fma.apps.googleusercontent.com",
              "client_type": 3
            }
          ]
        }
      }
    },
    {
      "client_info": {
        "mobilesdk_app_id": "1:30252520099:android:91e3bc85503ee3b0c5e516",
        "android_client_info": {
          "package_name": "com.example.hw07a"
        }
      },
      "oauth_client": [
        {
          "client_id": "30252520099-bvcbsr7gl8ijtpl4kehlvcrfd1p95fma.apps.googleusercontent.com",
          "client_type": 3
        }
      ],
      "api_key": [
        {
          "current_key": "AIzaSyBl_x756csuNjoz2WmWGzD9kFxqf5-_lWk"
        }
      ],
      "services": {
        "appinvite_service": {
          "other_platform_oauth_client": [
            {
              "client_id": "30252520099-bvcbsr7gl8ijtpl4kehlvcrfd1p95fma.apps.googleusercontent.com",
              "client_type": 3
            }
          ]
        }
      }
    },
    {
      "client_info": {
        "mobilesdk_app_id": "1:30252520099:android:c5021e6992ab1a23c5e516",
        "android_client_info": {
          "package_name": "com.example.inclass10"
        }
      },
      "oauth_client": [
        {
          "client_id": "30252520099-bvcbsr7gl8ijtpl4kehlvcrfd1p95fma.apps.googleusercontent.com",
          "client_type": 3
        }
      ],
      "api_key": [
        {
          "current_key": "AIzaSyBl_x756csuNjoz2WmWGzD9kFxqf5-_lWk"
        }
      ],
      "services": {
        "appinvite_service": {
          "other_platform_oauth_client": [
            {
              "client_id": "30252520099-bvcbsr7gl8ijtpl4kehlvcrfd1p95fma.apps.googleusercontent.com",
              "client_type": 3
            }
          ]
        }
      }
    },
    {
      "client_info": {
        "mobilesdk_app_id": "1:30252520099:android:77c28823d4bed1e5c5e516",
        "android_client_info": {
          "package_name": "com.example.inclass11"
        }
      },
      "oauth_client": [
        {
          "client_id": "30252520099-bvcbsr7gl8ijtpl4kehlvcrfd1p95fma.apps.googleusercontent.com",
          "client_type": 3
        }
      ],
      "api_key": [
        {
          "current_key": "AIzaSyBl_x756csuNjoz2WmWGzD9kFxqf5-_lWk"
        }
      ],
      "services": {
        "appinvite_service": {
          "other_platform_oauth_client": [
            {
              "client_id": "30252520099-bvcbsr7gl8ijtpl4kehlvcrfd1p95fma.apps.googleusercontent.com",
              "client_type": 3
            }
          ]
        }
      }
    }
  ],
  "configuration_version": "1"
}